Comarca,RFDB (milers d'euros),RFDB per habitant (milers d'euros),Índex Catalunya=100 per habitant,Any
Alt Camp,596504,14.7,98.7,2005
Alt Empordà,1875004,15.4,103.6,2005
Alt Penedès,1364592,14.4,96.3,2005
Alt Urgell,300604,14.2,95.6,2005
Alta Ribagorça,63515,15.7,105.5,2005
Anoia,1464947,13.7,91.6,2005
Bages,2476478,14.5,97.1,2005
Baix Camp,2476703,14.5,97.4,2005
Baix Ebre,1093870,14.5,97.0,2005
Baix Empordà,1833270,15.0,100.7,2005
Baix Llobregat,10204523,13.4,89.8,2005
Baix Penedès,1200858,14.5,97.3,2005
Barcelonès,34718175,15.6,104.9,2005
Berguedà,591995,14.8,99.6,2005
Cerdanya,284519,16.7,112.0,2005
Conca de Barberà,314388,15.5,104.3,2005
Garraf,1887305,14.5,97.0,2005
Garrigues,309060,15.5,103.7,2005
Garrotxa,839028,16.0,107.6,2005
Gironès,2697307,16.5,110.7,2005
Maresme,6194962,15.3,102.9,2005
Montsià,912132,14.1,94.5,2005
Noguera,558218,14.7,98.6,2005
Osona,2051671,14.2,95.6,2005
Pallars Jussà,206471,16.4,109.9,2005
Pallars Sobirà,116810,16.7,112.4,2005
Pla d'Urgell,492894,14.7,98.3,2005
Pla de l'Estany,453927,16.1,107.9,2005
Priorat,143798,14.8,99.2,2005
Ribera d'Ebre,335410,14.6,97.9,2005
Ripollès,437963,16.6,111.4,2005
Segarra,306574,14.3,96.2,2005
Segrià,2831345,15.3,102.4,2005
Selva,2117967,14.3,96.1,2005
Solsonès,192851,14.9,100.3,2005
Tarragonès,3225054,14.8,99.5,2005
Terra Alta,194153,15.3,102.4,2005
Urgell,558703,16.3,109.1,2005
Val d'Aran,174161,18.6,124.5,2005
Vallès Occidental,11961422,14.5,97.2,2005
Vallès Oriental,5219919,14.2,95.6,2005
Alt Camp,645236,15.4,98.7,2006
Alt Empordà,2089896,16.5,105.6,2006
Alt Penedès,1490091,15.2,97.4,2006
Alt Urgell,321715,15.0,96.1,2006
Alta Ribagorça,68166,16.6,106.4,2006
Anoia,1582861,14.3,91.7,2006
Bages,2657083,15.2,97.1,2006
Baix Camp,2670527,15.1,96.6,2006
Baix Ebre,1172376,15.1,96.8,2006
Baix Empordà,2040743,16.3,104.2,2006
Baix Llobregat,10750315,14.0,89.3,2006
Baix Penedès,1321459,15.0,95.7,2006
Barcelonès,36210561,16.3,104.3,2006
Berguedà,635859,15.8,101.0,2006
Cerdanya,315229,18.0,115.3,2006
Conca de Barberà,335599,16.3,104.5,2006
Garraf,2033960,15.1,96.6,2006
Garrigues,332731,16.6,106.4,2006
Garrotxa,919601,17.3,110.6,2006
Gironès,2939811,17.5,112.0,2006
Maresme,6630051,16.1,103.0,2006
Montsià,989340,14.9,95.0,2006
Noguera,611726,15.9,101.6,2006
Osona,2187619,14.9,95.5,2006
Pallars Jussà,225843,17.3,110.6,2006
Pallars Sobirà,129950,18.2,116.6,2006
Pla d'Urgell,544106,15.7,100.7,2006
Pla de l'Estany,502808,17.5,112.0,2006
Priorat,154341,15.8,100.8,2006
Ribera d'Ebre,359500,15.5,99.2,2006
Ripollès,473939,17.9,114.5,2006
Segarra,342283,15.7,100.7,2006
Segrià,3119901,16.5,105.6,2006
Selva,2327065,15.1,96.3,2006
Solsonès,215441,16.3,104.2,2006
Tarragonès,3495322,15.4,98.6,2006
Terra Alta,209971,16.5,105.6,2006
Urgell,598045,17.2,109.8,2006
Val d'Aran,192040,19.8,126.8,2006
Vallès Occidental,12727116,15.1,96.8,2006
Vallès Oriental,5560538,14.9,95.0,2006
Alt Camp,679454,15.7,96.0,2007
Alt Empordà,2205472,16.7,102.2,2007
Alt Penedès,1632647,16.3,99.8,2007
Alt Urgell,343317,15.8,96.8,2007
Alta Ribagorça,73778,17.5,107.0,2007
Anoia,1713464,15.1,92.8,2007
Bages,2863033,16.0,98.0,2007
Baix Camp,2819359,15.3,94.0,2007
Baix Ebre,1239696,15.5,95.1,2007
Baix Empordà,2096032,16.3,99.9,2007
Baix Llobregat,11428715,14.7,90.2,2007
Baix Penedès,1436318,15.4,94.4,2007
Barcelonès,37975110,17.1,104.7,2007
Berguedà,687365,16.8,102.8,2007
Cerdanya,326731,18.0,110.1,2007
Conca de Barberà,352919,16.9,103.3,2007
Garraf,2207243,16.0,97.8,2007
Garrigues,361285,17.9,109.8,2007
Garrotxa,938921,17.4,106.6,2007
Gironès,2983844,17.3,106.1,2007
Maresme,7104866,17.0,104.4,2007
Montsià,1061199,15.3,93.7,2007
Noguera,661376,16.9,103.8,2007
Osona,2331997,15.7,96.2,2007
Pallars Jussà,240742,17.7,108.6,2007
Pallars Sobirà,136832,18.7,114.6,2007
Pla d'Urgell,588238,16.6,101.5,2007
Pla de l'Estany,498649,17.0,104.4,2007
Priorat,161729,16.5,100.9,2007
Ribera d'Ebre,367762,15.6,95.6,2007
Ripollès,474146,17.8,108.9,2007
Segarra,373850,17.0,104.1,2007
Segrià,3382099,17.4,106.9,2007
Selva,2465142,15.3,93.8,2007
Solsonès,233726,17.3,105.8,2007
Tarragonès,3764351,15.9,97.6,2007
Terra Alta,219586,17.2,105.2,2007
Urgell,648651,18.3,111.9,2007
Val d'Aran,203744,20.4,124.9,2007
Vallès Occidental,13623220,15.9,97.8,2007
Vallès Oriental,5961955,15.6,95.7,2007
Alt Camp,750652,17.2,98.6,2008
Alt Empordà,2311294,17.6,101.0,2008
Alt Penedès,1745009,17.0,97.5,2008
Alt Urgell,348646,16.6,95.2,2008
Alta Ribagorça,77567,18.4,105.8,2008
Anoia,1809517,15.8,90.7,2008
Bages,3047232,16.9,97.2,2008
Baix Camp,3166526,17.2,98.8,2008
Baix Ebre,1325931,16.4,94.5,2008
Baix Empordà,2225954,17.4,100.2,2008
Baix Llobregat,12454414,16.1,92.4,2008
Baix Penedès,1628075,17.2,99.0,2008
Barcelonès,40527838,18.2,104.6,2008
Berguedà,704870,17.0,97.9,2008
Cerdanya,330037,18.6,106.6,2008
Conca de Barberà,376778,18.0,103.6,2008
Garraf,2376124,17.1,98.4,2008
Garrigues,354300,17.9,102.8,2008
Garrotxa,980859,18.1,104.2,2008
Gironès,3190606,18.4,105.5,2008
Maresme,7476634,17.9,102.7,2008
Montsià,1157661,16.6,95.6,2008
Noguera,667201,17.3,99.4,2008
Osona,2444946,16.3,93.4,2008
Pallars Jussà,249570,19.1,110.0,2008
Pallars Sobirà,138645,18.8,108.3,2008
Pla d'Urgell,612736,17.1,98.4,2008
Pla de l'Estany,526883,17.9,102.9,2008
Priorat,168767,17.4,99.9,2008
Ribera d'Ebre,401312,17.5,100.3,2008
Ripollès,486281,18.3,105.2,2008
Segarra,381966,17.1,98.3,2008
Segrià,3558145,18.1,103.7,2008
Selva,2641230,16.5,94.9,2008
Solsonès,234357,17.1,98.0,2008
Tarragonès,4260163,17.9,102.7,2008
Terra Alta,220385,17.2,98.6,2008
Urgell,659156,18.5,106.3,2008
Val d'Aran,202065,20.6,118.4,2008
Vallès Occidental,14667407,17.2,98.7,2008
Vallès Oriental,6195393,16.1,92.6,2008
Alt Camp,773270,17.4,100.1,2009
Alt Empordà,2300197,17.2,98.6,2009
Alt Penedès,1763981,16.9,97.0,2009
Alt Urgell,348624,16.5,94.8,2009
Alta Ribagorça,77892,18.4,105.7,2009
Anoia,1836280,15.8,90.5,2009
Bages,3079385,16.9,97.0,2009
Baix Camp,3153797,16.9,97.1,2009
Baix Ebre,1352963,16.8,96.5,2009
Baix Empordà,2272945,17.6,101.0,2009
Baix Llobregat,12535277,16.0,91.7,2009
Baix Penedès,1663745,17.2,98.8,2009
Barcelonès,40902619,18.3,105.0,2009
Berguedà,714848,17.2,98.7,2009
Cerdanya,328187,18.5,106.1,2009
Conca de Barberà,397255,18.9,108.3,2009
Garraf,2386994,16.9,97.1,2009
Garrigues,356115,18.0,103.0,2009
Garrotxa,1006972,18.4,105.8,2009
Gironès,3269436,18.5,106.3,2009
Maresme,7523151,17.7,101.8,2009
Montsià,1190788,16.9,97.2,2009
Noguera,677828,17.4,100.0,2009
Osona,2465648,16.2,93.0,2009
Pallars Jussà,253579,19.3,110.4,2009
Pallars Sobirà,139524,18.7,107.5,2009
Pla d'Urgell,620529,17.0,97.6,2009
Pla de l'Estany,554549,18.5,106.1,2009
Priorat,178581,18.2,104.5,2009
Ribera d'Ebre,420384,18.2,104.2,2009
Ripollès,502676,19.0,109.0,2009
Segarra,392484,17.3,99.4,2009
Segrià,3624364,18.1,103.6,2009
Selva,2634068,16.1,92.5,2009
Solsonès,236822,17.3,99.0,2009
Tarragonès,4353872,17.9,102.8,2009
Terra Alta,225345,17.5,100.5,2009
Urgell,678754,18.8,108.0,2009
Val d'Aran,198276,20.2,115.8,2009
Vallès Occidental,14971305,17.3,99.1,2009
Vallès Oriental,6302188,16.2,92.8,2009
Alt Camp,652392,14.5,86.5,2010
Alt Empordà,1800807,13.0,77.6,2010
Alt Penedès,1716074,16.4,97.5,2010
Alt Urgell,285574,13.2,78.6,2010
Alta Ribagorça,64835,15.3,91.1,2010
Anoia,1749742,14.8,88.3,2010
Aran,139822,13.8,82.5,2010
Bages,2795609,15.9,94.6,2010
Baix Camp,2761233,14.5,86.5,2010
Baix Ebre,1065257,13.0,77.7,2010
Baix Empordà,1847052,14.0,83.6,2010
Baix Llobregat,13659727,17.2,102.2,2010
Baix Penedès,1403851,14.1,84.0,2010
Barcelonès,42648230,19.1,113.5,2010
Berguedà,648885,15.6,93.1,2010
Cerdanya,261182,14.2,84.4,2010
Conca de Barberà,307526,14.5,86.5,2010
Garraf,2382760,16.6,98.7,2010
Garrigues,265873,13.2,78.6,2010
Garrotxa,859836,15.6,92.7,2010
Gironès,2892356,16.0,95.3,2010
Maresme,7235391,16.8,100.0,2010
Moianès,207409,16.1,95.8,2010
Montsià,850568,11.9,71.0,2010
Noguera,517669,13.0,77.5,2010
Osona,2398948,15.7,93.4,2010
Pallars Jussà,200570,14.3,85.3,2010
Pallars Sobirà,104774,14.0,83.3,2010
Pla d'Urgell,508964,13.8,82.0,2010
Pla de l'Estany,479637,15.6,92.8,2010
Priorat,132163,13.2,78.9,2010
Ribera d'Ebre,333581,14.2,84.6,2010
Ripollès,423287,16.0,95.4,2010
Segarra,319745,13.9,82.7,2010
Segrià,3085141,15.0,89.6,2010
Selva,2212387,13.1,78.0,2010
Solsonès,187025,13.6,80.9,2010
Tarragonès,3756115,15.3,91.5,2010
Terra Alta,161318,12.7,75.7,2010
Urgell,505024,13.6,81.1,2010
Vallès Occidental,15218534,17.2,102.3,2010
Vallès Oriental,6467002,16.5,98.1,2010
Alt Camp,653517,14.5,87.2,2011
Alt Empordà,1746263,12.6,75.6,2011
Alt Penedès,1708519,16.2,97.1,2011
Alt Urgell,279180,13.1,78.3,2011
Alta Ribagorça,61003,14.5,87.1,2011
Anoia,1767476,14.9,89.6,2011
Aran,136749,13.6,81.5,2011
Bages,2848845,16.1,96.8,2011
Baix Camp,2722478,14.2,85.3,2011
Baix Ebre,1022158,12.5,75.1,2011
Baix Empordà,1810666,13.7,82.3,2011
Baix Llobregat,13831149,17.3,103.7,2011
Baix Penedès,1396048,13.9,83.4,2011
Barcelonès,42526383,19.0,114.0,2011
Berguedà,660022,16.0,95.9,2011
Cerdanya,255267,13.6,81.9,2011
Conca de Barberà,303210,14.4,86.3,2011
Garraf,2349624,16.2,97.3,2011
Garrigues,262835,13.1,78.5,2011
Garrotxa,873891,15.8,94.7,2011
Gironès,2822581,15.5,93.1,2011
Maresme,7156159,16.5,99.0,2011
Moianès,206144,15.9,95.4,2011
Montsià,829905,11.6,69.9,2011
Noguera,513819,12.9,77.3,2011
Osona,2412377,15.7,94.3,2011
Pallars Jussà,196533,13.9,83.5,2011
Pallars Sobirà,100917,13.6,81.9,2011
Pla d'Urgell,500466,13.5,81.2,2011
Pla de l'Estany,486785,15.6,93.7,2011
Priorat,128156,12.9,77.4,2011
Ribera d'Ebre,335375,14.4,86.2,2011
Ripollès,426325,16.2,97.4,2011
Segarra,318336,13.7,82.4,2011
Segrià,3017490,14.6,87.6,2011
Selva,2230110,13.1,78.7,2011
Solsonès,187022,13.6,81.8,2011
Tarragonès,3639678,14.6,87.7,2011
Terra Alta,157628,12.5,75.2,2011
Urgell,496787,13.4,80.7,2011
Vallès Occidental,15264529,17.1,102.6,2011
Vallès Oriental,6490704,16.4,98.4,2011
Alt Camp,625839,14.0,88.1,2012
Alt Empordà,1663163,12.0,75.8,2012
Alt Penedès,1628974,15.4,97.3,2012
Alt Urgell,265155,12.6,79.6,2012
Alta Ribagorça,59262,14.4,91.2,2012
Anoia,1695834,14.3,90.6,2012
Aran,132414,13.3,83.9,2012
Bages,2681888,15.2,96.3,2012
Baix Camp,2598588,13.5,85.6,2012
Baix Ebre,980613,12.1,76.5,2012
Baix Empordà,1699585,12.9,81.4,2012
Baix Llobregat,13235192,16.5,104.4,2012
Baix Penedès,1333587,13.3,83.9,2012
Barcelonès,39629880,17.8,112.4,2012
Berguedà,638675,15.7,98.9,2012
Cerdanya,244658,13.1,83.0,2012
Conca de Barberà,293409,14.0,88.6,2012
Garraf,2219787,15.3,96.8,2012
Garrigues,255816,12.8,80.9,2012
Garrotxa,834803,15.1,95.4,2012
Gironès,2676758,14.7,92.9,2012
Maresme,6819971,15.7,99.4,2012
Moianès,203665,15.7,99.1,2012
Montsià,801696,11.3,71.5,2012
Noguera,498338,12.6,79.3,2012
Osona,2351803,15.3,96.8,2012
Pallars Jussà,187899,13.7,86.3,2012
Pallars Sobirà,98571,13.5,85.2,2012
Pla d'Urgell,482246,13.1,82.5,2012
Pla de l'Estany,462357,14.8,93.2,2012
Priorat,124878,12.7,80.5,2012
Ribera d'Ebre,320892,13.9,87.6,2012
Ripollès,408293,15.7,99.0,2012
Segarra,315558,13.7,86.4,2012
Segrià,2889943,14.0,88.3,2012
Selva,2139252,12.6,79.5,2012
Solsonès,181510,13.3,84.2,2012
Tarragonès,3552386,14.2,90.0,2012
Terra Alta,156974,12.6,79.9,2012
Urgell,479349,13.1,82.7,2012
Vallès Occidental,14551038,16.3,102.7,2012
Vallès Oriental,6259045,15.8,99.5,2012
Alt Camp,621401,13.9,88.1,2013
Alt Empordà,1676066,12.2,77.0,2013
Alt Penedès,1612187,15.3,96.4,2013
Alt Urgell,260979,12.5,79.0,2013
Alta Ribagorça,58818,14.7,93.2,2013
Anoia,1643875,14.0,88.2,2013
Aran,131226,13.2,83.7,2013
Bages,2628393,15.0,95.1,2013
Baix Camp,2602345,13.6,86.2,2013
Baix Ebre,970873,12.1,76.6,2013
Baix Empordà,1695133,12.9,81.6,2013
Baix Llobregat,13152787,16.5,104.0,2013
Baix Penedès,1312691,13.1,83.1,2013
Barcelonès,39653571,18.0,113.5,2013
Berguedà,622001,15.5,98.0,2013
Cerdanya,243806,13.4,84.5,2013
Conca de Barberà,291888,14.1,89.2,2013
Garraf,2201196,15.3,96.6,2013
Garrigues,258425,13.1,82.7,2013
Garrotxa,829600,15.0,95.1,2013
Gironès,2666934,14.7,92.9,2013
Maresme,6754271,15.6,98.7,2013
Moianès,193653,15.0,94.5,2013
Montsià,781083,11.2,70.6,2013
Noguera,501496,12.8,80.8,2013
Osona,2332889,15.3,96.5,2013
Pallars Jussà,187765,14.1,88.9,2013
Pallars Sobirà,97300,13.5,85.3,2013
Pla d'Urgell,483862,13.2,83.3,2013
Pla de l'Estany,461829,14.7,93.1,2013
Priorat,123873,12.9,81.5,2013
Ribera d'Ebre,320450,14.1,88.9,2013
Ripollès,406185,15.8,99.6,2013
Segarra,305322,13.4,84.6,2013
Segrià,2896785,14.1,88.9,2013
Selva,2119760,12.6,79.4,2013
Solsonès,183281,13.6,85.7,2013
Tarragonès,3525307,14.2,89.4,2013
Terra Alta,154713,12.7,80.4,2013
Urgell,476800,13.1,82.8,2013
Vallès Occidental,14357830,16.1,101.5,2013
Vallès Oriental,6177834,15.6,98.4,2013
Alt Camp,629440,14.2,88.7,2014
Alt Empordà,1673140,12.2,76.5,2014
Alt Penedès,1615462,15.3,95.7,2014
Alt Urgell,258351,12.5,78.1,2014
Alta Ribagorça,56670,14.5,90.3,2014
Anoia,1657787,14.1,88.3,2014
Aran,130388,13.3,82.9,2014
Bages,2641245,15.2,95.1,2014
Baix Camp,2601995,13.8,85.9,2014
Baix Ebre,960487,12.1,75.7,2014
Baix Empordà,1692192,13.0,81.1,2014
Baix Llobregat,13380745,16.8,104.7,2014
Baix Penedès,1302179,13.1,82.0,2014
Barcelonès,39908544,18.2,113.5,2014
Berguedà,616224,15.6,97.4,2014
Cerdanya,238574,13.3,83.2,2014
Conca de Barberà,291763,14.3,89.0,2014
Garraf,2241016,15.6,97.5,2014
Garrigues,251234,12.9,80.8,2014
Garrotxa,833483,15.1,94.6,2014
Gironès,2693887,14.9,93.0,2014
Maresme,6814768,15.7,98.4,2014
Moianès,193629,14.9,93.3,2014
Montsià,768896,11.2,69.9,2014
Noguera,495286,12.8,79.7,2014
Osona,2348068,15.4,96.3,2014
Pallars Jussà,183257,13.8,86.1,2014
Pallars Sobirà,94739,13.4,83.8,2014
Pla d'Urgell,478863,13.1,81.7,2014
Pla de l'Estany,466379,14.9,93.1,2014
Priorat,123252,13.0,81.1,2014
Ribera d'Ebre,317678,14.1,88.2,2014
Ripollès,401268,15.8,98.6,2014
Segarra,308077,13.7,85.4,2014
Segrià,2893713,14.1,88.1,2014
Selva,2146807,12.9,80.3,2014
Solsonès,177634,13.2,82.6,2014
Tarragonès,3551238,14.2,89.0,2014
Terra Alta,149666,12.6,78.8,2014
Urgell,474595,13.1,82.2,2014
Vallès Occidental,14584192,16.3,101.9,2014
Vallès Oriental,6261492,15.8,98.5,2014
Alt Camp,645998,14.6,87.9,2015
Alt Empordà,1725321,12.7,76.0,2015
Alt Penedès,1652123,15.7,94.0,2015
Alt Urgell,260614,12.7,76.4,2015
Alta Ribagorça,56543,14.6,87.4,2015
Anoia,1728525,14.7,88.6,2015
Aran,133203,13.6,81.8,2015
Bages,2750976,15.9,95.4,2015
Baix Camp,2685219,14.2,85.5,2015
Baix Ebre,968483,12.3,74.1,2015
Baix Empordà,1739026,13.4,80.3,2015
Baix Llobregat,14051971,17.5,105.4,2015
Baix Penedès,1332487,13.5,80.8,2015
Barcelonès,41591486,18.9,113.5,2015
Berguedà,623599,15.9,95.7,2015
Cerdanya,234726,13.2,79.4,2015
Conca de Barberà,289238,14.2,85.6,2015
Garraf,2365086,16.4,98.7,2015
Garrigues,253954,13.2,79.4,2015
Garrotxa,858851,15.6,93.9,2015
Gironès,2831825,15.6,93.8,2015
Maresme,7101452,16.3,98.2,2015
Moianès,201572,15.4,92.8,2015
Montsià,793729,11.7,70.0,2015
Noguera,505733,13.1,78.8,2015
Osona,2440236,15.9,95.8,2015
Pallars Jussà,182980,13.8,82.8,2015
Pallars Sobirà,94735,13.6,81.9,2015
Pla d'Urgell,497190,13.5,81.4,2015
Pla de l'Estany,481370,15.4,92.3,2015
Priorat,124860,13.3,79.9,2015
Ribera d'Ebre,317014,14.3,85.6,2015
Ripollès,403155,16.0,96.4,2015
Segarra,315808,14.1,84.7,2015
Segrià,2991566,14.6,87.7,2015
Selva,2215790,13.4,80.3,2015
Solsonès,181013,13.5,81.1,2015
Tarragonès,3631752,14.6,87.4,2015
Terra Alta,148906,12.7,76.6,2015
Urgell,483915,13.5,80.9,2015
Vallès Occidental,15306067,17.0,102.4,2015
Vallès Oriental,6600264,16.6,99.6,2015
Alt Camp,659496,15.0,88.1,2016
Alt Empordà,1799501,13.2,77.6,2016
Alt Penedès,1689826,15.9,93.8,2016
Alt Urgell,263664,13.0,76.4,2016
Alta Ribagorça,56475,14.7,86.4,2016
Anoia,1753569,14.9,87.6,2016
Aran,138625,14.1,83.2,2016
Bages,2767326,16.0,93.9,2016
Baix Camp,2751495,14.6,85.8,2016
Baix Ebre,995851,12.8,75.2,2016
Baix Empordà,1790830,13.7,80.8,2016
Baix Llobregat,14347276,17.8,104.9,2016
Baix Penedès,1349153,13.5,79.6,2016
Barcelonès,42792694,19.3,113.7,2016
Berguedà,624381,16.0,94.4,2016
Cerdanya,246857,13.9,81.9,2016
Conca de Barberà,297375,14.8,87.0,2016
Garraf,2438877,16.8,99.1,2016
Garrigues,247103,13.0,76.3,2016
Garrotxa,886097,16.1,94.8,2016
Gironès,2931615,16.0,94.5,2016
Maresme,7375248,16.9,99.4,2016
Moianès,201343,15.3,90.2,2016
Montsià,799330,11.8,69.2,2016
Noguera,498208,13.0,76.4,2016
Osona,2539509,16.5,97.0,2016
Pallars Jussà,177519,13.5,79.6,2016
Pallars Sobirà,93405,13.5,79.7,2016
Pla d'Urgell,496365,13.5,79.4,2016
Pla de l'Estany,497757,15.8,93.1,2016
Priorat,125156,13.5,79.3,2016
Ribera d'Ebre,316769,14.4,84.8,2016
Ripollès,411947,16.5,97.2,2016
Segarra,306745,13.7,80.8,2016
Segrià,3038758,14.9,87.5,2016
Selva,2263769,13.7,80.4,2016
Solsonès,178423,13.3,78.2,2016
Tarragonès,3730066,14.9,87.8,2016
Terra Alta,149268,12.9,75.9,2016
Urgell,483676,13.5,79.4,2016
Vallès Occidental,15746989,17.4,102.5,2016
Vallès Oriental,6655516,16.6,97.9,2016
Alt Camp,669330,15.2,87.9,2017
Alt Empordà,1907086,13.9,80.8,2017
Alt Penedès,1714730,16.0,92.8,2017
Alt Urgell,273172,13.5,78.3,2017
Alta Ribagorça,58770,15.4,89.0,2017
Anoia,1814926,15.3,88.5,2017
Aran,148321,15.0,87.1,2017
Bages,2844538,16.3,94.6,2017
Baix Camp,2820257,14.9,86.3,2017
Baix Ebre,1030000,13.3,77.1,2017
Baix Empordà,1878693,14.3,83.1,2017
Baix Llobregat,14502529,17.9,103.7,2017
Baix Penedès,1398918,13.8,80.1,2017
Barcelonès,43513856,19.5,112.9,2017
Berguedà,647832,16.6,96.3,2017
Cerdanya,257518,14.5,84.1,2017
Conca de Barberà,309763,15.5,89.5,2017
Garraf,2532020,17.3,100.5,2017
Garrigues,257308,13.6,78.7,2017
Garrotxa,924967,16.7,96.8,2017
Gironès,3035157,16.4,95.1,2017
Maresme,7598082,17.3,100.0,2017
Moianès,215456,16.2,94.1,2017
Montsià,827341,12.2,70.5,2017
Noguera,514357,13.4,77.9,2017
Osona,2651338,17.0,98.6,2017
Pallars Jussà,185836,14.3,82.8,2017
Pallars Sobirà,101126,14.7,84.9,2017
Pla d'Urgell,517814,14.0,81.3,2017
Pla de l'Estany,515500,16.3,94.2,2017
Priorat,129394,14.0,81.0,2017
Ribera d'Ebre,319059,14.6,84.8,2017
Ripollès,428368,17.2,99.7,2017
Segarra,315244,14.1,81.5,2017
Segrià,3127829,15.3,88.6,2017
Selva,2343819,14.1,81.8,2017
Solsonès,190355,14.1,81.7,2017
Tarragonès,3760914,14.9,86.4,2017
Terra Alta,155782,13.6,78.7,2017
Urgell,506939,14.1,81.7,2017
Vallès Occidental,16065952,17.6,102.1,2017
Vallès Oriental,6820438,16.9,97.9,2017
Alt Camp,688301,15.5,88.9,2018
Alt Empordà,1979795,14.4,82.4,2018
Alt Penedès,1765260,16.3,93.4,2018
Alt Urgell,276807,13.7,78.4,2018
Alta Ribagorça,57457,15.1,86.1,2018
Anoia,1864610,15.5,88.9,2018
Aran,156384,15.8,90.2,2018
Bages,2925665,16.6,95.2,2018
Baix Camp,2914660,15.3,87.2,2018
Baix Ebre,1068042,13.8,79.1,2018
Baix Empordà,1928795,14.6,83.7,2018
Baix Llobregat,14800050,18.1,103.8,2018
Baix Penedès,1475790,14.3,81.7,2018
Barcelonès,44173954,19.6,112.2,2018
Berguedà,660588,16.9,96.5,2018
Cerdanya,274017,15.3,87.6,2018
Conca de Barberà,313805,15.7,90.0,2018
Garraf,2611108,17.7,101.5,2018
Garrigues,262172,13.9,79.4,2018
Garrotxa,942198,16.8,96.2,2018
Gironès,3078923,16.4,94.0,2018
Maresme,7827081,17.6,100.7,2018
Moianès,224601,16.8,95.8,2018
Montsià,869417,12.8,73.0,2018
Noguera,522148,13.7,78.1,2018
Osona,2685229,17.0,97.4,2018
Pallars Jussà,185794,14.4,82.2,2018
Pallars Sobirà,103587,15.0,85.9,2018
Pla d'Urgell,528576,14.3,81.7,2018
Pla de l'Estany,526598,16.5,94.3,2018
Priorat,132115,14.4,82.1,2018
Ribera d'Ebre,319564,14.7,84.3,2018
Ripollès,422501,17.0,97.0,2018
Segarra,323487,14.4,82.1,2018
Segrià,3207762,15.6,89.3,2018
Selva,2439236,14.6,83.3,2018
Solsonès,201741,14.9,85.0,2018
Tarragonès,3881559,15.2,86.9,2018
Terra Alta,157682,13.9,79.3,2018
Urgell,515950,14.2,81.4,2018
Vallès Occidental,16295712,17.7,101.3,2018
Vallès Oriental,7002952,17.2,98.4,2018
Alt Camp,720050,16.1,88.4,2019
Alt Empordà,2033739,14.7,80.4,2019
Alt Penedès,1837790,16.9,92.4,2019
Alt Urgell,293861,14.6,80.2,2019
Alta Ribagorça,61519,16.0,87.9,2019
Anoia,1963393,16.1,88.3,2019
Aran,169420,16.9,92.8,2019
Bages,3091028,17.4,95.2,2019
Baix Camp,3066606,15.8,86.8,2019
Baix Ebre,1121307,14.5,79.3,2019
Baix Empordà,2036305,15.3,84.0,2019
Baix Llobregat,15572754,18.9,103.7,2019
Baix Penedès,1582558,15.0,82.0,2019
Barcelonès,46642944,20.5,112.2,2019
Berguedà,681895,17.2,94.5,2019
Cerdanya,286947,15.7,86.3,2019
Conca de Barberà,327068,16.5,90.4,2019
Garraf,2769436,18.6,102.0,2019
Garrigues,271033,14.3,78.5,2019
Garrotxa,1000972,17.6,96.3,2019
Gironès,3350978,17.6,96.7,2019
Maresme,8289182,18.4,101.0,2019
Moianès,235159,17.2,94.5,2019
Montsià,906728,13.2,72.3,2019
Noguera,550361,14.3,78.6,2019
Osona,2832413,17.7,96.9,2019
Pallars Jussà,195842,15.1,82.7,2019
Pallars Sobirà,107261,15.5,85.2,2019
Pla d'Urgell,556872,15.0,82.2,2019
Pla de l'Estany,549381,17.0,93.4,2019
Priorat,137622,15.0,82.4,2019
Ribera d'Ebre,328059,15.2,83.2,2019
Ripollès,440048,17.6,96.5,2019
Segarra,336134,14.8,81.1,2019
Segrià,3324871,16.0,87.9,2019
Selva,2553827,15.0,82.5,2019
Solsonès,209235,15.3,83.8,2019
Tarragonès,4113441,15.8,86.8,2019
Terra Alta,166211,14.7,80.6,2019
Urgell,544760,14.8,81.4,2019
Vallès Occidental,17263226,18.6,101.8,2019
Vallès Oriental,7382905,18.0,98.5,2019
Alt Camp,699696,15.5,88.5,2020
Alt Empordà,1953140,14.0,79.5,2020
Alt Penedès,1829468,16.6,94.6,2020
Alt Urgell,276982,13.8,78.4,2020
Alta Ribagorça,57539,14.7,83.7,2020
Anoia,1929153,15.6,88.8,2020
Aran,161405,15.9,90.6,2020
Bages,2997757,16.7,95.2,2020
Baix Camp,2981015,15.2,86.7,2020
Baix Ebre,1103258,14.1,80.1,2020
Baix Empordà,1983315,14.7,83.9,2020
Baix Llobregat,15125751,18.3,104.0,2020
Baix Penedès,1605507,14.8,84.2,2020
Barcelonès,44350125,19.4,110.4,2020
Berguedà,667545,16.7,95.3,2020
Cerdanya,282491,15.1,85.8,2020
Conca de Barberà,322846,16.2,92.4,2020
Garraf,2723506,18.0,102.6,2020
Garrigues,267865,14.1,80.2,2020
Garrotxa,972592,16.8,95.9,2020
Gironès,3209307,16.7,95.4,2020
Maresme,8115522,17.9,101.8,2020
Moianès,232748,16.7,95.0,2020
Montsià,897303,12.9,73.7,2020
Noguera,534033,13.8,78.8,2020
Osona,2800744,17.3,98.4,2020
Pallars Jussà,192281,14.8,84.1,2020
Pallars Sobirà,102749,14.7,83.6,2020
Pla d'Urgell,568558,15.2,86.6,2020
Pla de l'Estany,554227,17.0,97.0,2020
Priorat,134227,14.6,83.3,2020
Ribera d'Ebre,328489,15.2,86.5,2020
Ripollès,430215,17.1,97.2,2020
Segarra,336160,14.7,83.5,2020
Segrià,3282043,15.7,89.6,2020
Selva,2549137,14.8,84.6,2020
Solsonès,202723,14.7,83.6,2020
Tarragonès,3978875,15.1,86.1,2020
Terra Alta,157751,14.0,79.6,2020
Urgell,538489,14.5,82.7,2020
Vallès Occidental,16961318,18.1,103.1,2020
Vallès Oriental,7307872,17.6,100.4,2020
